	insert into DIRECCION_FAC(DIRECCION_FAC_ID,CALLE, NUM_INTERIOR, NUM_EXTERIOR, COLONIA, CP, MUNICIPIO, ESTADO) values(direccion_fac_seq.NEXTVAL, 'TOPACIO', 10, 112, 'TRANSITO', 06840, 'CUAU', 'CDMX');
	insert into DIRECCION_FAC(DIRECCION_FAC_ID,CALLE, NUM_INTERIOR, NUM_EXTERIOR, COLONIA, CP, MUNICIPIO, ESTADO) values(direccion_fac_seq.NEXTVAL, 'ARENAL', 5, 1132, 'TRANSITO', 06840, 'CUAU', 'CDMX');
	insert into DIRECCION_FAC(DIRECCION_FAC_ID,CALLE, NUM_INTERIOR, NUM_EXTERIOR, COLONIA, CP, MUNICIPIO, ESTADO) values(direccion_fac_seq.NEXTVAL, 'XOCONGO', 2, 2245, 'TRANSITO', 06840, 'CUAU', 'CDMX');
	insert into DIRECCION_FAC(DIRECCION_FAC_ID,CALLE, NUM_INTERIOR, NUM_EXTERIOR, COLONIA, CP, MUNICIPIO, ESTADO) values(direccion_fac_seq.NEXTVAL, 'CALENDULA', 0, 23, 'XOTEPINGO', 03540, 'COY', 'CDMX');
	insert into DIRECCION_FAC(DIRECCION_FAC_ID,CALLE, NUM_INTERIOR, NUM_EXTERIOR, COLONIA, CP, MUNICIPIO, ESTADO) values(direccion_fac_seq.NEXTVAL, 'SIEMPRE VIVA', 10, 3421, 'XOTEPINGO', 03540, 'COY', 'CDMX');
	insert into DIRECCION_FAC(DIRECCION_FAC_ID,CALLE, NUM_INTERIOR, NUM_EXTERIOR, COLONIA, CP, MUNICIPIO, ESTADO) values(direccion_fac_seq.NEXTVAL, 'CIRUELO', 5, 8902, 'XOTEPINGO', 03540, 'COY', 'CDMX');
	insert into DIRECCION_FAC(DIRECCION_FAC_ID,CALLE, NUM_INTERIOR, NUM_EXTERIOR, COLONIA, CP, MUNICIPIO, ESTADO) values(direccion_fac_seq.NEXTVAL, 'FUEGO', 34, 2345, 'XOTEPINGO', 03640, 'COY', 'CDMX');
	insert into DIRECCION_FAC(DIRECCION_FAC_ID,CALLE, NUM_INTERIOR, NUM_EXTERIOR, COLONIA, CP, MUNICIPIO, ESTADO) values(direccion_fac_seq.NEXTVAL, 'AGUA', 34, 5464, 'XOTEPINGO', 03540, 'COY', 'CDMX');
	insert into DIRECCION_FAC(DIRECCION_FAC_ID,CALLE, NUM_EXTERIOR, COLONIA, CP, MUNICIPIO, ESTADO) values(direccion_fac_seq.NEXTVAL, 'TIERRA', 2334, 'XOTEPINGO', 03540, 'COY', 'CDMX');
	insert into DIRECCION_FAC(DIRECCION_FAC_ID,CALLE, NUM_INTERIOR, NUM_EXTERIOR, COLONIA, CP, MUNICIPIO, ESTADO) values(direccion_fac_seq.NEXTVAL, 'AIRE', 23, 1112, 'XOTEPINGO', 03540, 'COY', 'CDMX');
	insert into DIRECCION_FAC(DIRECCION_FAC_ID,CALLE, NUM_EXTERIOR, COLONIA, CP, MUNICIPIO, ESTADO) values(direccion_fac_seq.NEXTVAL, 'DOLORES', 45, 'DEL CARMEN', 02350, 'BJ', 'CDMX');
	insert into DIRECCION_FAC(DIRECCION_FAC_ID,CALLE, NUM_INTERIOR, NUM_EXTERIOR, COLONIA, CP, MUNICIPIO, ESTADO) values(direccion_fac_seq.NEXTVAL, 'ORINOCO', 103, 25, 'DEL CARMEN', 04610, 'BJ', 'CDMX');
	insert into DIRECCION_FAC(DIRECCION_FAC_ID,CALLE, NUM_EXTERIOR, COLONIA, CP, MUNICIPIO, ESTADO) values(direccion_fac_seq.NEXTVAL, 'ZACAHUITZCO', 56, 'DEL CARMEN', 04610, 'BJ', 'CDMX');
	insert into DIRECCION_FAC(DIRECCION_FAC_ID,CALLE, NUM_EXTERIOR, COLONIA, CP, MUNICIPIO, ESTADO) values(direccion_fac_seq.NEXTVAL, 'OSO', 39, 'DEL CARMEN', 04610, 'BJ', 'CDMX');
	insert into DIRECCION_FAC(DIRECCION_FAC_ID,CALLE, NUM_EXTERIOR, COLONIA, CP, MUNICIPIO, ESTADO) values(direccion_fac_seq.NEXTVAL, 'TIGRE', 5, 'DEL CARMEN', 04610, 'BJ', 'CDMX');



	insert into DIRECCION_ENT(DIRECCION_ENT_ID,CALLE, NUM_EXTERIOR, COLONIA, CP, MUNICIPIO, ESTADO) values(direccion_ent_seq.NEXTVAL, 'TIGRE', 5, 'XOTEPINGO', 04610, 'BJ', 'CDMX');
	insert into DIRECCION_ENT(DIRECCION_ENT_ID,CALLE, NUM_EXTERIOR, COLONIA, CP, MUNICIPIO, ESTADO) values(direccion_ent_seq.NEXTVAL, 'CALENDULA', 5, 'XOTEPINGO', 04610, 'BJ', 'CDMX');
	insert into DIRECCION_ENT(DIRECCION_ENT_ID,CALLE, NUM_EXTERIOR, COLONIA, CP, MUNICIPIO, ESTADO) values(direccion_ent_seq.NEXTVAL, 'LLANTEN', 5, 'XOTEPINGO', 04610, 'BJ', 'CDMX');
	insert into DIRECCION_ENT(DIRECCION_ENT_ID,CALLE, NUM_EXTERIOR, COLONIA, CP, MUNICIPIO, ESTADO) values(direccion_ent_seq.NEXTVAL, 'FUEGO', 5, 'DEL CARMEN', 04610, 'BJ', 'CDMX');
	insert into DIRECCION_ENT(DIRECCION_ENT_ID,CALLE, NUM_EXTERIOR, COLONIA, CP, MUNICIPIO, ESTADO) values(direccion_ent_seq.NEXTVAL, 'AIRE', 5, 'DEL CARMEN', 04610, 'BJ', 'CDMX');
	insert into DIRECCION_ENT(DIRECCION_ENT_ID,CALLE, NUM_EXTERIOR, COLONIA, CP, MUNICIPIO, ESTADO) values(direccion_ent_seq.NEXTVAL, 'SIEMPRE VIVA', 5, 'DEL CARMEN', 04610, 'BJ', 'CDMX');
	insert into DIRECCION_ENT(DIRECCION_ENT_ID,CALLE, NUM_EXTERIOR, COLONIA, CP, MUNICIPIO, ESTADO) values(direccion_ent_seq.NEXTVAL, 'TIERRA', 5, 'DEL CARMEN', 04610, 'BJ', 'CDMX');
	insert into DIRECCION_ENT(DIRECCION_ENT_ID,CALLE, NUM_EXTERIOR, COLONIA, CP, MUNICIPIO, ESTADO) values(direccion_ent_seq.NEXTVAL, 'AGUA', 5, 'DEL CARMEN', 04610, 'BJ', 'CDMX');
	insert into DIRECCION_ENT(DIRECCION_ENT_ID,CALLE, NUM_EXTERIOR, COLONIA, CP, MUNICIPIO, ESTADO) values(direccion_ent_seq.NEXTVAL, 'NIEVE', 5, 'TRANSITO', 04610, 'BJ', 'CDMX');
	insert into DIRECCION_ENT(DIRECCION_ENT_ID,CALLE, NUM_EXTERIOR, COLONIA, CP, MUNICIPIO, ESTADO) values(direccion_ent_seq.NEXTVAL, 'TIGRE', 5, 'TRANSITO', 04610, 'BJ', 'CDMX');
	insert into DIRECCION_ENT(DIRECCION_ENT_ID,CALLE, NUM_EXTERIOR, COLONIA, CP, MUNICIPIO, ESTADO) values(direccion_ent_seq.NEXTVAL, 'LAVA', 5, 'DEL CARMEN', 04610, 'BJ', 'CDMX');
	insert into DIRECCION_ENT(DIRECCION_ENT_ID,CALLE, NUM_EXTERIOR, COLONIA, CP, MUNICIPIO, ESTADO) values(direccion_ent_seq.NEXTVAL, 'PIEDRAS', 5, 'TRANSITO', 04610, 'BJ', 'CDMX');
	insert into DIRECCION_ENT(DIRECCION_ENT_ID,CALLE, NUM_EXTERIOR, COLONIA, CP, MUNICIPIO, ESTADO) values(direccion_ent_seq.NEXTVAL, 'ARBOL DE FUEGO', 5, 'XOTEPINGO', 04610, 'BJ', 'CDMX');
	insert into DIRECCION_ENT(DIRECCION_ENT_ID,CALLE, NUM_EXTERIOR, COLONIA, CP, MUNICIPIO, ESTADO) values(direccion_ent_seq.NEXTVAL, 'OCEANO', 5, 'XOTEPINGO', 04610, 'BJ', 'CDMX');
	insert into DIRECCION_ENT(DIRECCION_ENT_ID,CALLE, NUM_EXTERIOR, COLONIA, CP, MUNICIPIO, ESTADO) values(direccion_ent_seq.NEXTVAL, 'SAL', 5, 'XOTEPINGO', 04610, 'BJ', 'CDMX');


	insert into CLIENTE(CLIENTE_ID, DIRECCION_FAC_ID, DIRECCION_ENT_ID, NOMBRE, APELLIDO_PAT, APELLIDO_MAT, USUARIO, PASSWD, RFC, CORREO_ELEC, NUMERO) VALUES(cliente_seq.NEXTVAL,direccion_fac_seq.NEXTVAL, direccion_ent_seq.NEXTVAL,'NESTOR', 'MARTINEZ', 'OSTOA', 'NESTORIVANMO', '123', 'MAON123AFS', 'nestor@gmail.com', 5563234134);
	insert into CLIENTE(CLIENTE_ID, DIRECCION_FAC_ID, DIRECCION_ENT_ID, NOMBRE, APELLIDO_PAT, APELLIDO_MAT, USUARIO, PASSWD, RFC, CORREO_ELEC, NUMERO) VALUES(cliente_seq.NEXTVAL,direccion_fac_seq.NEXTVAL, direccion_ent_seq.NEXTVAL,'TENSIN', 'GONZALEZ', 'MARTINEZ', 'TENSIN98', '1XY', 'GOMT123JH3', 'tensin@gmail.com', 123413534);
	insert into CLIENTE(CLIENTE_ID, DIRECCION_FAC_ID, DIRECCION_ENT_ID, NOMBRE, APELLIDO_PAT, APELLIDO_MAT, USUARIO, PASSWD, RFC, CORREO_ELEC, NUMERO) VALUES(cliente_seq.NEXTVAL,direccion_fac_seq.NEXTVAL, direccion_ent_seq.NEXTVAL,'LUIS', 'COLOSIO', 'RIOJAS', 'colosio', '2394', 'CORL315A', 'colosio@gmail.com', 12325624);

	insert into CLIENTE(CLIENTE_ID, DIRECCION_FAC_ID, DIRECCION_ENT_ID, NOMBRE, APELLIDO_PAT, APELLIDO_MAT, USUARIO, PASSWD, RFC, CORREO_ELEC, NUMERO) VALUES(cliente_seq.NEXTVAL,direccion_fac_seq.NEXTVAL, direccion_ent_seq.NEXTVAL,'JOSE ANTONIO', 'MEADE', 'KURIBREÑA', 'MEADE', '2390', 'MEKJ1214A', 'meade@gmail.com', 5512333154);
	insert into CLIENTE(CLIENTE_ID, DIRECCION_FAC_ID, DIRECCION_ENT_ID, NOMBRE, APELLIDO_PAT, APELLIDO_MAT, USUARIO, PASSWD, RFC, CORREO_ELEC, NUMERO) VALUES(cliente_seq.NEXTVAL,direccion_fac_seq.NEXTVAL, direccion_ent_seq.NEXTVAL,'ANDRES MANUEL', 'LOPEZ', 'OBRADOR', 'AMLO', 'HYU', 'LOOA1214A', 'amlo@gmail.com', 5523546455);
	insert into CLIENTE(CLIENTE_ID, DIRECCION_FAC_ID, DIRECCION_ENT_ID, NOMBRE, APELLIDO_PAT, APELLIDO_MAT, USUARIO, PASSWD, RFC, CORREO_ELEC, NUMERO) VALUES(cliente_seq.NEXTVAL,direccion_fac_seq.NEXTVAL, direccion_ent_seq.NEXTVAL,'RICARDO', 'ANAYA', 'SALES', 'anaya98', 'pan', 'ANSR1214A', 'anaya@gmail.com', 556733315);
	insert into CLIENTE(CLIENTE_ID, DIRECCION_FAC_ID, DIRECCION_ENT_ID, NOMBRE, APELLIDO_PAT, APELLIDO_MAT, USUARIO, PASSWD, RFC, CORREO_ELEC, NUMERO) VALUES(cliente_seq.NEXTVAL,direccion_fac_seq.NEXTVAL, direccion_ent_seq.NEXTVAL,'MARGARITA', 'ZAVALA', 'CALDERON', 'margie76', '7gha', 'ZACM1214A', 'zavalaM@gmail.com', 556732414);

	insert into CLIENTE(CLIENTE_ID, DIRECCION_FAC_ID, DIRECCION_ENT_ID, NOMBRE, APELLIDO_PAT, APELLIDO_MAT, USUARIO, PASSWD, RFC, CORREO_ELEC, NUMERO) VALUES(cliente_seq.NEXTVAL,direccion_fac_seq.NEXTVAL, direccion_ent_seq.NEXTVAL,'ELON', 'REEVE', 'MUSK', 'teslaX', 'mars', 'MURE124AF', 'muskElon@gmail.com', 15252563);

	insert into CLIENTE(CLIENTE_ID, DIRECCION_FAC_ID, DIRECCION_ENT_ID, NOMBRE, APELLIDO_PAT, APELLIDO_MAT, USUARIO, PASSWD, RFC, CORREO_ELEC, NUMERO) VALUES(cliente_seq.NEXTVAL,direccion_fac_seq.NEXTVAL, direccion_ent_seq.NEXTVAL,'RICHARD', 'BRYAN', 'BRANSON', 'virginBranson', 'interg', 'BRBR1214A', 'branson@gmail.com', 556714541);

	insert into CLIENTE(CLIENTE_ID, DIRECCION_FAC_ID, DIRECCION_ENT_ID, NOMBRE, APELLIDO_PAT, APELLIDO_MAT, USUARIO, PASSWD, RFC, CORREO_ELEC, NUMERO) VALUES(cliente_seq.NEXTVAL,direccion_fac_seq.NEXTVAL, direccion_ent_seq.NEXTVAL,'BILL', 'HENRY', 'GATES', 'BILL', 'microS', 'GAHB1214A', 'GATESbill@gmail.com', 555690414);

	insert into CLIENTE(CLIENTE_ID, DIRECCION_FAC_ID, DIRECCION_ENT_ID, NOMBRE, APELLIDO_PAT, APELLIDO_MAT, USUARIO, PASSWD, RFC, CORREO_ELEC, NUMERO) VALUES(cliente_seq.NEXTVAL,direccion_fac_seq.NEXTVAL, direccion_ent_seq.NEXTVAL,'JEFF', 'HENRY', 'BEZZOS', 'jeffAmazon', 'aws', 'BEHJ1214A', 'bezzosAmazon@gmail.com', 5563341414);	
	
	insert into CLIENTE(CLIENTE_ID, DIRECCION_FAC_ID, DIRECCION_ENT_ID, NOMBRE, APELLIDO_PAT, APELLIDO_MAT, USUARIO, PASSWD, RFC, CORREO_ELEC, NUMERO) VALUES(cliente_seq.NEXTVAL,direccion_fac_seq.NEXTVAL, direccion_ent_seq.NEXTVAL,'ANDRES', 'INIESTA', 'MATA', 'iniesta8', 'fcb8', 'INMA1214A', 'fantas@gmail.com', 5563341414);	

	insert into CLIENTE(CLIENTE_ID, DIRECCION_FAC_ID, DIRECCION_ENT_ID, NOMBRE, APELLIDO_PAT, APELLIDO_MAT, USUARIO, PASSWD, RFC, CORREO_ELEC, NUMERO) VALUES(cliente_seq.NEXTVAL,direccion_fac_seq.NEXTVAL, direccion_ent_seq.NEXTVAL,'LIONEL', 'MESSI', 'ROSARIO', 'leo10', 'fcb10', 'MERL1214A', 'messi@gmail.com', 556031362);	

	insert into CLIENTE(CLIENTE_ID, DIRECCION_FAC_ID, DIRECCION_ENT_ID, NOMBRE, APELLIDO_PAT, APELLIDO_MAT, USUARIO, PASSWD, RFC, CORREO_ELEC, NUMERO) VALUES(cliente_seq.NEXTVAL,direccion_fac_seq.NEXTVAL, direccion_ent_seq.NEXTVAL,'XAVI', 'HERNANDEZ', 'CREUS', 'XAVI6', 'fcb6', 'HECX1214A', 'xavi@gmail.com', 556130062);	

	insert into CLIENTE(CLIENTE_ID, DIRECCION_FAC_ID, DIRECCION_ENT_ID, NOMBRE, APELLIDO_PAT, APELLIDO_MAT, USUARIO, PASSWD, RFC, CORREO_ELEC, NUMERO) VALUES(cliente_seq.NEXTVAL,direccion_fac_seq.NEXTVAL, direccion_ent_seq.NEXTVAL,'STEVEN', 'PINKER', 'JAMES', 'STEVE98', 'humanity', 'PIJS1214A', 'pinker@gmail.com', 556934562);


--
--tarjeta de credito
--

INSERT INTO TARJETA_CREDITO(BANCO, TITULAR, NUM_TARJETA, TIPO_TARJETA, MES_VENC, ANIO_VENC, CLIENTE_ID) VALUES('BANCOMER', 'IVAN MARTINEZ', 345609001, 'AMEX', TO_DATE('10', 'MM'), TO_DATE('2021', 'YYYY'), 1);
INSERT INTO TARJETA_CREDITO(BANCO, TITULAR, NUM_TARJETA, TIPO_TARJETA, MES_VENC, ANIO_VENC, CLIENTE_ID) VALUES('BANORTE', 'TENSIN URIEL', 0098621, 'VISA', TO_DATE('01', 'MM'), TO_DATE('2020', 'YYYY'), 2);
INSERT INTO TARJETA_CREDITO(BANCO, TITULAR, NUM_TARJETA, TIPO_TARJETA, MES_VENC, ANIO_VENC, CLIENTE_ID) VALUES('BANCOMER', 'LUIS COLOSIO', 123421300, 'MASTER CARD', TO_DATE('08', 'MM'), TO_DATE('2030', 'YYYY'), 3);
INSERT INTO TARJETA_CREDITO(BANCO, TITULAR, NUM_TARJETA, TIPO_TARJETA, MES_VENC, ANIO_VENC, CLIENTE_ID) VALUES('BANAMEX', 'JOSE MEADE', 008623, 'MASTER CARD', TO_DATE('03', 'MM'), TO_DATE('2019', 'YYYY'), 4);
INSERT INTO TARJETA_CREDITO(BANCO, TITULAR, NUM_TARJETA, TIPO_TARJETA, MES_VENC, ANIO_VENC, CLIENTE_ID) VALUES('BANJERCITO', 'ANDRES MANUEL LOPEZ', 987623, 'VISA', TO_DATE('04', 'MM'), TO_DATE('2025', 'YYYY'), 5);
INSERT INTO TARJETA_CREDITO(BANCO, TITULAR, NUM_TARJETA, TIPO_TARJETA, MES_VENC, ANIO_VENC, CLIENTE_ID) VALUES('CHASE', 'RICARDO ANAYA', 9078923, 'MASTERCARD', TO_DATE('05', 'MM'), TO_DATE('2021', 'YYYY'), 6);
INSERT INTO TARJETA_CREDITO(BANCO, TITULAR, NUM_TARJETA, TIPO_TARJETA, MES_VENC, ANIO_VENC, CLIENTE_ID) VALUES('US BANK', 'MARGARITA ZAVALA', 98675, 'AMEX', TO_DATE('06', 'MM'), TO_DATE('2021', 'YYYY'), 7);
INSERT INTO TARJETA_CREDITO(BANCO, TITULAR, NUM_TARJETA, TIPO_TARJETA, MES_VENC, ANIO_VENC, CLIENTE_ID) VALUES('CHASE', 'ELON MUSK', 1351345, 'AMEX', TO_DATE('07', 'MM'), TO_DATE('2020', 'YYYY'), 8);
INSERT INTO TARJETA_CREDITO(BANCO, TITULAR, NUM_TARJETA, TIPO_TARJETA, MES_VENC, ANIO_VENC, CLIENTE_ID) VALUES('BANCOMER', 'RICHARD BRANSON', 987651, 'AMEX', TO_DATE('08', 'MM'), TO_DATE('2018', 'YYYY'), 9);
INSERT INTO TARJETA_CREDITO(BANCO, TITULAR, NUM_TARJETA, TIPO_TARJETA, MES_VENC, ANIO_VENC, CLIENTE_ID) VALUES('US BANK', 'BILL GATES', 353456, 'VISA', TO_DATE('09', 'MM'), TO_DATE('2021', 'YYYY'), 10);
INSERT INTO TARJETA_CREDITO(BANCO, TITULAR, NUM_TARJETA, TIPO_TARJETA, MES_VENC, ANIO_VENC, CLIENTE_ID) VALUES('BANK OF AMERICA', 'JEFF BEZOS', 987653142, 'MASTER CARD', TO_DATE('11', 'MM'), TO_DATE('2022', 'YYYY'), 11);
INSERT INTO TARJETA_CREDITO(BANCO, TITULAR, NUM_TARJETA, TIPO_TARJETA, MES_VENC, ANIO_VENC, CLIENTE_ID) VALUES('CAIXA BANK', '', 114545, 'VISA', TO_DATE('08', 'MM'), TO_DATE('2021', 'YYYY'), 12);
INSERT INTO TARJETA_CREDITO(BANCO, TITULAR, NUM_TARJETA, TIPO_TARJETA, MES_VENC, ANIO_VENC, CLIENTE_ID) VALUES('CAIXA BANK', 'LIONEL MESSI', 7656712, 'VISA', TO_DATE('10', 'MM'), TO_DATE('2021', 'YYYY'), 13);
INSERT INTO TARJETA_CREDITO(BANCO, TITULAR, NUM_TARJETA, TIPO_TARJETA, MES_VENC, ANIO_VENC, CLIENTE_ID) VALUES('CAIXA BANK', 'XAVI HERNANDEZ', 234987, 'MASTER CARD', TO_DATE('06', 'MM'), TO_DATE('2021', 'YYYY'), 14);
INSERT INTO TARJETA_CREDITO(BANCO, TITULAR, NUM_TARJETA, TIPO_TARJETA, MES_VENC, ANIO_VENC, CLIENTE_ID) VALUES('CHASE', 'STEVEN PINKER', 35987, 'AMEX', TO_DATE('12', 'MM'), TO_DATE('2021', 'YYYY'), 15);

--
--transferencia
--

INSERT INTO TRANSFERENCIA(BANCO, TITULAR, CLABE, CLIENTE_ID) VALUES('BANCOMER', 'ANDRES MANUEL LOPEZ OBRADOR', 0987654, 5);
INSERT INTO TRANSFERENCIA(BANCO, TITULAR, CLABE, CLIENTE_ID) VALUES('BANORTE', 'RICARDO ANAYA', 12351, 6);
INSERT INTO TRANSFERENCIA(BANCO, TITULAR, CLABE, CLIENTE_ID) VALUES('BANAMEX', 'MARGARITA ZAVALA', 098765, 7);
INSERT INTO TRANSFERENCIA(BANCO, TITULAR, CLABE, CLIENTE_ID) VALUES('CAIXA BANK', 'ANDRES INIESTA', 123532, 12);
INSERT INTO TRANSFERENCIA(BANCO, TITULAR, CLABE, CLIENTE_ID) VALUES('CAIXA BANK', 'LIONEL MESSI', 765134, 13);
INSERT INTO TRANSFERENCIA(BANCO, TITULAR, CLABE, CLIENTE_ID) VALUES('CAIXA BANK', 'XAVI HERNANDEZ', 876512, 14);
INSERT INTO TRANSFERENCIA(BANCO, TITULAR, CLABE, CLIENTE_ID) VALUES('US BANK', 'BILL GATES', 87654, 10);

--
--tabla SEGUIMIENTO
--
INSERT INTO SEGUIMIENTO(SEGUIMIENTO_ID, LUGAR, FECHA_LLEGADA, HORA_LLEGADA, ESCALA) VALUES(seguimiento_seq.NEXTVAL, 'CASA', TO_DATE('2018/08/22','YYYY/MM/DD'), TO_DATE('21:02:44','HH24:MI:SS'), 5);
INSERT INTO SEGUIMIENTO(SEGUIMIENTO_ID, LUGAR, FECHA_LLEGADA, HORA_LLEGADA, ESCALA) VALUES(seguimiento_seq.NEXTVAL, 'TOKIO, JA', TO_DATE('2018/02/12','YYYY/MM/DD'), TO_DATE('09:00:44','hh24:mi:ss'), 2);
INSERT INTO SEGUIMIENTO(SEGUIMIENTO_ID, LUGAR, FECHA_LLEGADA, HORA_LLEGADA, ESCALA) VALUES(seguimiento_seq.NEXTVAL, 'BERLIN, AL', TO_DATE('2018/01/23','YYYY/MM/DD'), TO_DATE('07:10:55','hh24:mi:ss'), 2);
INSERT INTO SEGUIMIENTO(SEGUIMIENTO_ID, LUGAR, FECHA_LLEGADA, HORA_LLEGADA, ESCALA) VALUES(seguimiento_seq.NEXTVAL, 'CDMX, MEX', TO_DATE('2018/03/17','YYYY/MM/DD'), TO_DATE('23:15:00','hh24:mi:ss'), 4);
INSERT INTO SEGUIMIENTO(SEGUIMIENTO_ID, LUGAR, FECHA_LLEGADA, HORA_LLEGADA, ESCALA) VALUES(seguimiento_seq.NEXTVAL, 'BUENOS AIRES, ARG', TO_DATE('2018/03/19','YYYY/MM/DD'), TO_DATE('16:02:12','hh24:mi:ss'), 3);
INSERT INTO SEGUIMIENTO(SEGUIMIENTO_ID, LUGAR, FECHA_LLEGADA, HORA_LLEGADA, ESCALA) VALUES(seguimiento_seq.NEXTVAL, 'BRASILIA, BRA', TO_DATE('2018/04/10','YYYY/MM/DD'), TO_DATE('11:26:23','hh24:mi:ss'), 1);

INSERT INTO SEGUIMIENTO(SEGUIMIENTO_ID, LUGAR, FECHA_LLEGADA, HORA_LLEGADA, ESCALA) VALUES(seguimiento_seq.NEXTVAL, 'HONG KONG, CH', TO_DATE('2018/05/30','YYYY/MM/DD'), TO_DATE('17:27:45','hh24:mi:ss'), 1);
INSERT INTO SEGUIMIENTO(SEGUIMIENTO_ID, LUGAR, FECHA_LLEGADA, HORA_LLEGADA, ESCALA) VALUES(seguimiento_seq.NEXTVAL, 'CASA', TO_DATE('2018/02/23','YYYY/MM/DD'), TO_DATE('12:02:23','hh24:mi:ss'), 5);
INSERT INTO SEGUIMIENTO(SEGUIMIENTO_ID, LUGAR, FECHA_LLEGADA, HORA_LLEGADA, ESCALA) VALUES(seguimiento_seq.NEXTVAL, 'GDL, MEX', TO_DATE('2018/03/18','YYYY/MM/DD'), TO_DATE('13:13:13','hh24:mi:ss'), 4);
INSERT INTO SEGUIMIENTO(SEGUIMIENTO_ID, LUGAR, FECHA_LLEGADA, HORA_LLEGADA, ESCALA) VALUES(seguimiento_seq.NEXTVAL, 'AMSTERDAM, PB', TO_DATE('2018/10/05','YYYY/MM/DD'), TO_DATE('04:02:44','hh24:mi:ss'), 2);
INSERT INTO SEGUIMIENTO(SEGUIMIENTO_ID, LUGAR, FECHA_LLEGADA, HORA_LLEGADA, ESCALA) VALUES(seguimiento_seq.NEXTVAL, 'LONDRES, UK', TO_DATE('2018/07/06','YYYY/MM/DD'), TO_DATE('20:30:44','hh24:mi:ss'), 3);
INSERT INTO SEGUIMIENTO(SEGUIMIENTO_ID, LUGAR, FECHA_LLEGADA, HORA_LLEGADA, ESCALA) VALUES(seguimiento_seq.NEXTVAL, 'CASA', TO_DATE('2018/09/25','YYYY/MM/DD'), TO_DATE('14:01:59','hh24:mi:ss'), 5);
INSERT INTO SEGUIMIENTO(SEGUIMIENTO_ID, LUGAR, FECHA_LLEGADA, HORA_LLEGADA, ESCALA) VALUES(seguimiento_seq.NEXTVAL, 'CDMX, MX', TO_DATE('2018/11/13','YYYY/MM/DD'), TO_DATE('07:02:44','hh24:mi:ss'), 4);
INSERT INTO SEGUIMIENTO(SEGUIMIENTO_ID, LUGAR, FECHA_LLEGADA, HORA_LLEGADA, ESCALA) VALUES(seguimiento_seq.NEXTVAL, 'MTY, MEX', TO_DATE('2018/09/05','YYYY/MM/DD'), TO_DATE('08:15:44','hh24:mi:ss'), 2);
INSERT INTO SEGUIMIENTO(SEGUIMIENTO_ID, LUGAR, FECHA_LLEGADA, HORA_LLEGADA, ESCALA) VALUES(seguimiento_seq.NEXTVAL, 'WINSCONSIN, EUA', TO_DATE('2018/07/27','YYYY/MM/DD'), TO_DATE('09:02:15','hh24:mi:ss'), 1);


--
--TABLA ESCALA
--
INSERT INTO ESCALA(ESCALA_ID, CATEGORIA) VALUES(1, 'Saliendo de las instalaciones del proveedor');
INSERT INTO ESCALA(ESCALA_ID, CATEGORIA) VALUES(2, 'En camino hacía el país destino');
INSERT INTO ESCALA(ESCALA_ID, CATEGORIA) VALUES(3, 'Pasando aduana');
INSERT INTO ESCALA(ESCALA_ID, CATEGORIA) VALUES(4, 'En camino a tu domicilio');
INSERT INTO ESCALA(ESCALA_ID, CATEGORIA) VALUES(5, 'Ha llegado');

--
--TIPO_PRODUCTO
--
INSERT INTO TIPO_PRODUCTO(TIPO_PRODUCTO_ID,CATEGORIA) VALUES(1,'ALBUM');
INSERT INTO TIPO_PRODUCTO(TIPO_PRODUCTO_ID,CATEGORIA) VALUES(2,'PELICULA');
INSERT INTO TIPO_PRODUCTO(TIPO_PRODUCTO_ID,CATEGORIA) VALUES(3,'VIDEO JUEGO');

--
--TABLA PRODUCTO
--
INSERT INTO PRODUCTO(FOLIO_PRODUCTO,TIPO_PRODUCTO_ID,PRECIO,TMP_DRCION_PRECIO,COP_VENDIDAS,COP_EXISTENCIA,COP_DEFECTUOSAS,LOTE,URL,VECES_VISTO) VALUES(1115200400001,1,470.00,40,634,234,1,5,'https://www.iVirtualStore.com/album/ga001',62345);
INSERT INTO PRODUCTO(FOLIO_PRODUCTO,TIPO_PRODUCTO_ID,PRECIO,TMP_DRCION_PRECIO,COP_VENDIDAS,COP_EXISTENCIA,COP_DEFECTUOSAS,LOTE,URL,VECES_VISTO) VALUES(1005136000001,2,150.99,25,534,243,5,4,'https://www.iVirtualStore.com/pelicula/tmcf001',34545);
INSERT INTO PRODUCTO(FOLIO_PRODUCTO,TIPO_PRODUCTO_ID,PRECIO,TMP_DRCION_PRECIO,COP_VENDIDAS,COP_EXISTENCIA,COP_DEFECTUOSAS,LOTE,URL,VECES_VISTO) VALUES(2514223600001,3,390.50,42,234,532,3,5,'https://www.iVirtualStore.com/videojuego/fx36001',24525);
INSERT INTO PRODUCTO(FOLIO_PRODUCTO,TIPO_PRODUCTO_ID,PRECIO,TMP_DRCION_PRECIO,COP_VENDIDAS,COP_EXISTENCIA,COP_DEFECTUOSAS,LOTE,URL,VECES_VISTO) VALUES(1112200400002,1,300.00,45,734,431,0,6,'https://www.iVirtualStore.com/album/su002',53452);
INSERT INTO PRODUCTO(FOLIO_PRODUCTO,TIPO_PRODUCTO_ID,PRECIO,TMP_DRCION_PRECIO,COP_VENDIDAS,COP_EXISTENCIA,COP_DEFECTUOSAS,LOTE,URL,VECES_VISTO) VALUES(1011116000002,2,120.99,93,345,234,2,5,'https://www.iVirtualStore.com/pelicula/acf002',23523);
INSERT INTO PRODUCTO(FOLIO_PRODUCTO,TIPO_PRODUCTO_ID,PRECIO,TMP_DRCION_PRECIO,COP_VENDIDAS,COP_EXISTENCIA,COP_DEFECTUOSAS,LOTE,URL,VECES_VISTO) VALUES(2515100300002,3,340.50,18,345,234,1,6,'https://www.iVirtualStore.com/videojuego/gps3002',23552);
INSERT INTO PRODUCTO(FOLIO_PRODUCTO,TIPO_PRODUCTO_ID,PRECIO,TMP_DRCION_PRECIO,COP_VENDIDAS,COP_EXISTENCIA,COP_DEFECTUOSAS,LOTE,URL,VECES_VISTO) VALUES(1112200900003,1,390.00,37,714,235,0,8,'https://www.iVirtualStore.com/album/sh003',64531);
INSERT INTO PRODUCTO(FOLIO_PRODUCTO,TIPO_PRODUCTO_ID,PRECIO,TMP_DRCION_PRECIO,COP_VENDIDAS,COP_EXISTENCIA,COP_DEFECTUOSAS,LOTE,URL,VECES_VISTO) VALUES(1005113000003,2,120.99,29,422,234,1,3,'https://www.iVirtualStore.com/pelicula/tigb003',23535);
INSERT INTO PRODUCTO(FOLIO_PRODUCTO,TIPO_PRODUCTO_ID,PRECIO,TMP_DRCION_PRECIO,COP_VENDIDAS,COP_EXISTENCIA,COP_DEFECTUOSAS,LOTE,URL,VECES_VISTO) VALUES(2523223600003,3,690.99,64,345,134,4,5,'https://www.iVirtualStore.com/videojuego/cx36003',53452);
INSERT INTO PRODUCTO(FOLIO_PRODUCTO,TIPO_PRODUCTO_ID,PRECIO,TMP_DRCION_PRECIO,COP_VENDIDAS,COP_EXISTENCIA,COP_DEFECTUOSAS,LOTE,URL,VECES_VISTO) VALUES(1110197900004,1,510.00,32,345,345,3,2,'https://www.iVirtualStore.com/album/pt004',99931);
INSERT INTO PRODUCTO(FOLIO_PRODUCTO,TIPO_PRODUCTO_ID,PRECIO,TMP_DRCION_PRECIO,COP_VENDIDAS,COP_EXISTENCIA,COP_DEFECTUOSAS,LOTE,URL,VECES_VISTO) VALUES(1013109000004,2,110.50,23,532,342,6,7,'https://www.iVirtualStore.com/pelicula/da004',34552);
INSERT INTO PRODUCTO(FOLIO_PRODUCTO,TIPO_PRODUCTO_ID,PRECIO,TMP_DRCION_PRECIO,COP_VENDIDAS,COP_EXISTENCIA,COP_DEFECTUOSAS,LOTE,URL,VECES_VISTO) VALUES(2513220100004,3,920.50,72,345,345,2,5,'https://www.iVirtualStore.com/videojuego/dxo004',54523);
INSERT INTO PRODUCTO(FOLIO_PRODUCTO,TIPO_PRODUCTO_ID,PRECIO,TMP_DRCION_PRECIO,COP_VENDIDAS,COP_EXISTENCIA,COP_DEFECTUOSAS,LOTE,URL,VECES_VISTO) VALUES(1110200900005,1,300.50,34,634,345,1,4,'https://www.iVirtualStore.com/album/pb005',15421);
INSERT INTO PRODUCTO(FOLIO_PRODUCTO,TIPO_PRODUCTO_ID,PRECIO,TMP_DRCION_PRECIO,COP_VENDIDAS,COP_EXISTENCIA,COP_DEFECTUOSAS,LOTE,URL,VECES_VISTO) VALUES(1014142000005,2,150.50,64,435,345,2,4,'https://www.iVirtualStore.com/pelicula/fgc005',34243);
INSERT INTO PRODUCTO(FOLIO_PRODUCTO,TIPO_PRODUCTO_ID,PRECIO,TMP_DRCION_PRECIO,COP_VENDIDAS,COP_EXISTENCIA,COP_DEFECTUOSAS,LOTE,URL,VECES_VISTO) VALUES(2510260300005,3,559.99,26,435,355,4,2,'https://www.iVirtualStore.com/videojuego/pn3ds005',64522);
INSERT INTO PRODUCTO(FOLIO_PRODUCTO,TIPO_PRODUCTO_ID,PRECIO,TMP_DRCION_PRECIO,COP_VENDIDAS,COP_EXISTENCIA,COP_DEFECTUOSAS,LOTE,URL,VECES_VISTO) VALUES(1126200500006,1,319.99,19,543,345,3,4,'https://www.iVirtualStore.com/album/na006',74525);
INSERT INTO PRODUCTO(FOLIO_PRODUCTO,TIPO_PRODUCTO_ID,PRECIO,TMP_DRCION_PRECIO,COP_VENDIDAS,COP_EXISTENCIA,COP_DEFECTUOSAS,LOTE,URL,VECES_VISTO) VALUES(1003105000006,2,109.99,45,356,345,2,6,'https://www.iVirtualStore.com/pelicula/esf006',13445);
INSERT INTO PRODUCTO(FOLIO_PRODUCTO,TIPO_PRODUCTO_ID,PRECIO,TMP_DRCION_PRECIO,COP_VENDIDAS,COP_EXISTENCIA,COP_DEFECTUOSAS,LOTE,URL,VECES_VISTO) VALUES(2527223600006,3,449.99,27,452,345,1,7,'https://www.iVirtualStore.com/videojuego/mx36006',53462);
INSERT INTO PRODUCTO(FOLIO_PRODUCTO,TIPO_PRODUCTO_ID,PRECIO,TMP_DRCION_PRECIO,COP_VENDIDAS,COP_EXISTENCIA,COP_DEFECTUOSAS,LOTE,URL,VECES_VISTO) VALUES(1123200200007,1,440.99,74,535,455,2,2,'https://www.iVirtualStore.com/album/ca007',93435);
INSERT INTO PRODUCTO(FOLIO_PRODUCTO,TIPO_PRODUCTO_ID,PRECIO,TMP_DRCION_PRECIO,COP_VENDIDAS,COP_EXISTENCIA,COP_DEFECTUOSAS,LOTE,URL,VECES_VISTO) VALUES(1019115000007,2,120.00,36,534,344,1,5,'https://www.iVirtualStore.com/pelicula/lia007',23524);
INSERT INTO PRODUCTO(FOLIO_PRODUCTO,TIPO_PRODUCTO_ID,PRECIO,TMP_DRCION_PRECIO,COP_VENDIDAS,COP_EXISTENCIA,COP_DEFECTUOSAS,LOTE,URL,VECES_VISTO) VALUES(2527100400007,3,570.99,34,345,342,1,5,'https://www.iVirtualStore.com/videojuego/mps4007',13414);
INSERT INTO PRODUCTO(FOLIO_PRODUCTO,TIPO_PRODUCTO_ID,PRECIO,TMP_DRCION_PRECIO,COP_VENDIDAS,COP_EXISTENCIA,COP_DEFECTUOSAS,LOTE,URL,VECES_VISTO) VALUES(1121200800008,1,350.00,35,524,234,2,3,'https://www.iVirtualStore.com/album/zr008',63455);
INSERT INTO PRODUCTO(FOLIO_PRODUCTO,TIPO_PRODUCTO_ID,PRECIO,TMP_DRCION_PRECIO,COP_VENDIDAS,COP_EXISTENCIA,COP_DEFECTUOSAS,LOTE,URL,VECES_VISTO) VALUES(1003200000008,2,199.99,82,234,234,2,4,'https://www.iVirtualStore.com/pelicula/sarrcf008',13441);
INSERT INTO PRODUCTO(FOLIO_PRODUCTO,TIPO_PRODUCTO_ID,PRECIO,TMP_DRCION_PRECIO,COP_VENDIDAS,COP_EXISTENCIA,COP_DEFECTUOSAS,LOTE,URL,VECES_VISTO) VALUES(2508220100008,3,949.99,53,523,212,1,4,'https://www.iVirtualStore.com/videojuego/ixo008',13412);
INSERT INTO PRODUCTO(FOLIO_PRODUCTO,TIPO_PRODUCTO_ID,PRECIO,TMP_DRCION_PRECIO,COP_VENDIDAS,COP_EXISTENCIA,COP_DEFECTUOSAS,LOTE,URL,VECES_VISTO) VALUES(1114201100009,1,380.00,34,452,341,3,3,'https://www.iVirtualStore.com/album/fw009',63445);
INSERT INTO PRODUCTO(FOLIO_PRODUCTO,TIPO_PRODUCTO_ID,PRECIO,TMP_DRCION_PRECIO,COP_VENDIDAS,COP_EXISTENCIA,COP_DEFECTUOSAS,LOTE,URL,VECES_VISTO) VALUES(1011162000009,2,170.50,34,235,234,2,4,'https://www.iVirtualStore.com/pelicula/acf009',43452);
INSERT INTO PRODUCTO(FOLIO_PRODUCTO,TIPO_PRODUCTO_ID,PRECIO,TMP_DRCION_PRECIO,COP_VENDIDAS,COP_EXISTENCIA,COP_DEFECTUOSAS,LOTE,URL,VECES_VISTO) VALUES(2519100300009,3,350.50,27,542,234,2,6,'https://www.iVirtualStore.com/videojuego/lps3009',26455);
INSERT INTO PRODUCTO(FOLIO_PRODUCTO,TIPO_PRODUCTO_ID,PRECIO,TMP_DRCION_PRECIO,COP_VENDIDAS,COP_EXISTENCIA,COP_DEFECTUOSAS,LOTE,URL,VECES_VISTO) VALUES(1112201300010,1,380.50,36,523,234,2,6,'https://www.iVirtualStore.com/album/sr010',63452);
INSERT INTO PRODUCTO(FOLIO_PRODUCTO,TIPO_PRODUCTO_ID,PRECIO,TMP_DRCION_PRECIO,COP_VENDIDAS,COP_EXISTENCIA,COP_DEFECTUOSAS,LOTE,URL,VECES_VISTO) VALUES(1012083000010,2,90.50,71,524,234,2,8,'https://www.iVirtualStore.com/pelicula/sa010',33452);
INSERT INTO PRODUCTO(FOLIO_PRODUCTO,TIPO_PRODUCTO_ID,PRECIO,TMP_DRCION_PRECIO,COP_VENDIDAS,COP_EXISTENCIA,COP_DEFECTUOSAS,LOTE,URL,VECES_VISTO) VALUES(2512100400010,3,910.99,72,523,342,3,3,'https://www.iVirtualStore.com/videojuego/sps4010',23552);
INSERT INTO PRODUCTO(FOLIO_PRODUCTO,TIPO_PRODUCTO_ID,PRECIO,TMP_DRCION_PRECIO,COP_VENDIDAS,COP_EXISTENCIA,COP_DEFECTUOSAS,LOTE,URL,VECES_VISTO) VALUES(1113200100011,1,499.99,35,635,335,1,5,'https://www.iVirtualStore.com/album/dd011',44522);
INSERT INTO PRODUCTO(FOLIO_PRODUCTO,TIPO_PRODUCTO_ID,PRECIO,TMP_DRCION_PRECIO,COP_VENDIDAS,COP_EXISTENCIA,COP_DEFECTUOSAS,LOTE,URL,VECES_VISTO) VALUES(1019109000011,2,110.00,63,452,234,4,3,'https://www.iVirtualStore.com/pelicula/l4ed011',2452);
INSERT INTO PRODUCTO(FOLIO_PRODUCTO,TIPO_PRODUCTO_ID,PRECIO,TMP_DRCION_PRECIO,COP_VENDIDAS,COP_EXISTENCIA,COP_DEFECTUOSAS,LOTE,URL,VECES_VISTO) VALUES(2505020700011,3,690.00,28,523,234,1,5,'https://www.iVirtualStore.com/videojuego/twu011',23423);
INSERT INTO PRODUCTO(FOLIO_PRODUCTO,TIPO_PRODUCTO_ID,PRECIO,TMP_DRCION_PRECIO,COP_VENDIDAS,COP_EXISTENCIA,COP_DEFECTUOSAS,LOTE,URL,VECES_VISTO) VALUES(1103199900012,1,350.50,53,523,234,2,5,'https://www.iVirtualStore.com/album/en012',52435);
INSERT INTO PRODUCTO(FOLIO_PRODUCTO,TIPO_PRODUCTO_ID,PRECIO,TMP_DRCION_PRECIO,COP_VENDIDAS,COP_EXISTENCIA,COP_DEFECTUOSAS,LOTE,URL,VECES_VISTO) VALUES(1039100000012,2,100.50,47,543,234,2,3,'https://www.iVirtualStore.com/pelicula/qpac012',23522);
INSERT INTO PRODUCTO(FOLIO_PRODUCTO,TIPO_PRODUCTO_ID,PRECIO,TMP_DRCION_PRECIO,COP_VENDIDAS,COP_EXISTENCIA,COP_DEFECTUOSAS,LOTE,URL,VECES_VISTO) VALUES(2515100300012,3,499.99,34,442,345,4,7,'https://www.iVirtualStore.com/videojuego/gps3012',23556);
INSERT INTO PRODUCTO(FOLIO_PRODUCTO,TIPO_PRODUCTO_ID,PRECIO,TMP_DRCION_PRECIO,COP_VENDIDAS,COP_EXISTENCIA,COP_DEFECTUOSAS,LOTE,URL,VECES_VISTO) VALUES(1111200200013,1,550.70,34,345,345,2,2,'https://www.iVirtualStore.com/album/aa013',45235);
INSERT INTO PRODUCTO(FOLIO_PRODUCTO,TIPO_PRODUCTO_ID,PRECIO,TMP_DRCION_PRECIO,COP_VENDIDAS,COP_EXISTENCIA,COP_DEFECTUOSAS,LOTE,URL,VECES_VISTO) VALUES(1018117000013,2,120.30,24,523,234,3,2,'https://www.iVirtualStore.com/pelicula/kaa013',64465);
INSERT INTO PRODUCTO(FOLIO_PRODUCTO,TIPO_PRODUCTO_ID,PRECIO,TMP_DRCION_PRECIO,COP_VENDIDAS,COP_EXISTENCIA,COP_DEFECTUOSAS,LOTE,URL,VECES_VISTO) VALUES(2512260300013,3,890.80,23,454,235,5,1,'https://www.iVirtualStore.com/videojuego/sn3ds013',35754);
INSERT INTO PRODUCTO(FOLIO_PRODUCTO,TIPO_PRODUCTO_ID,PRECIO,TMP_DRCION_PRECIO,COP_VENDIDAS,COP_EXISTENCIA,COP_DEFECTUOSAS,LOTE,URL,VECES_VISTO) VALUES(1104199900014,1,460.90,54,542,235,1,5,'https://www.iVirtualStore.com/album/rd014',63453);
INSERT INTO PRODUCTO(FOLIO_PRODUCTO,TIPO_PRODUCTO_ID,PRECIO,TMP_DRCION_PRECIO,COP_VENDIDAS,COP_EXISTENCIA,COP_DEFECTUOSAS,LOTE,URL,VECES_VISTO) VALUES(1012113000014,2,130.99,23,234,234,4,3,'https://www.iVirtualStore.com/pelicula/scc014',45436);
INSERT INTO PRODUCTO(FOLIO_PRODUCTO,TIPO_PRODUCTO_ID,PRECIO,TMP_DRCION_PRECIO,COP_VENDIDAS,COP_EXISTENCIA,COP_DEFECTUOSAS,LOTE,URL,VECES_VISTO) VALUES(2527261200014,3,950.10,53,345,253,1,7,'https://www.iVirtualStore.com/videojuego/mns014',45433);
INSERT INTO PRODUCTO(FOLIO_PRODUCTO,TIPO_PRODUCTO_ID,PRECIO,TMP_DRCION_PRECIO,COP_VENDIDAS,COP_EXISTENCIA,COP_DEFECTUOSAS,LOTE,URL,VECES_VISTO) VALUES(1115198700015,1,440.30,23,452,234,3,5,'https://www.iVirtualStore.com/albUm/ga015',63452);
INSERT INTO PRODUCTO(FOLIO_PRODUCTO,TIPO_PRODUCTO_ID,PRECIO,TMP_DRCION_PRECIO,COP_VENDIDAS,COP_EXISTENCIA,COP_DEFECTUOSAS,LOTE,URL,VECES_VISTO) VALUES(1027091000015,2,100.50,23,234,243,2,4,'https://www.iVirtualStore.com/pelicula/mc015',54356);
INSERT INTO PRODUCTO(FOLIO_PRODUCTO,TIPO_PRODUCTO_ID,PRECIO,TMP_DRCION_PRECIO,COP_VENDIDAS,COP_EXISTENCIA,COP_DEFECTUOSAS,LOTE,URL,VECES_VISTO) VALUES(2515030000015,3,570.99,45,255,534,2,3,'https://www.iVirtualStore.com/videojuego/gps3015',24675);

--
--PELICULA 
--
INSERT INTO PELICULA(FOLIO_PRODUCTO,NOMBRE,GENERO,DURACION_MIN,CLASIF,FORMATO) VALUES(1005136000001,'THE MATRIX','CIENCIA FICCIÓN',136,'B','HD DVD');
INSERT INTO PELICULA(FOLIO_PRODUCTO,NOMBRE,GENERO,DURACION_MIN,CLASIF,FORMATO) VALUES(1011116000002,'ARRIVAL','CIENCIA FICCIÓN',116,'A','BLU-RAY');
INSERT INTO PELICULA(FOLIO_PRODUCTO,NOMBRE,GENERO,DURACION_MIN,CLASIF,FORMATO) VALUES(1005113000003,'THE IMITATION GAME','BIOGRÁFICA',113,'A','HD DVD');
INSERT INTO PELICULA(FOLIO_PRODUCTO,NOMBRE,GENERO,DURACION_MIN,CLASIF,FORMATO) VALUES(1013109000004,'DEADPOOL','ACCIÓN',109,'C','BLU-RAY');
INSERT INTO PELICULA(FOLIO_PRODUCTO,NOMBRE,GENERO,DURACION_MIN,CLASIF,FORMATO) VALUES(1014142000005,'FORREST GUMP','COMEDIA',142,'A','HD DVD');
INSERT INTO PELICULA(FOLIO_PRODUCTO,NOMBRE,GENERO,DURACION_MIN,CLASIF,FORMATO) VALUES(1003105000006,'EDWARD SCISSORHANDS','FANTASÍA',105,'B','DVD');
INSERT INTO PELICULA(FOLIO_PRODUCTO,NOMBRE,GENERO,DURACION_MIN,CLASIF,FORMATO) VALUES(1019115000007,'LOS INCREÍBLES','ANIMACIÓN',115,'A','HD DVD');
INSERT INTO PELICULA(FOLIO_PRODUCTO,NOMBRE,GENERO,DURACION_MIN,CLASIF,FORMATO) VALUES(1003200000008,'EL SEÑOR DE LOS ANILLOS','CIENCIA FICCIÓN',200,'C','DVD');
INSERT INTO PELICULA(FOLIO_PRODUCTO,NOMBRE,GENERO,DURACION_MIN,CLASIF,FORMATO) VALUES(1011162000009,'AVATAR','CIENCIA FICCIÓN',162,'C','BLU-RAY');
INSERT INTO PELICULA(FOLIO_PRODUCTO,NOMBRE,GENERO,DURACION_MIN,CLASIF,FORMATO) VALUES(1012083000010,'SPIRIT','ANIMACIÓN',83,'A','DVD');
INSERT INTO PELICULA(FOLIO_PRODUCTO,NOMBRE,GENERO,DURACION_MIN,CLASIF,FORMATO) VALUES(1019109000011,'LILJA 4-EVER','DRAMA',109,'C','DVD');
INSERT INTO PELICULA(FOLIO_PRODUCTO,NOMBRE,GENERO,DURACION_MIN,CLASIF,FORMATO) VALUES(1039100000012,'¿QUÉ PASÓ AYER?','COMEDIA',100,'C','HD DVD');
INSERT INTO PELICULA(FOLIO_PRODUCTO,NOMBRE,GENERO,DURACION_MIN,CLASIF,FORMATO) VALUES(1018117000013,'KICK-ASS','ACCIÓN',117,'B','DVD');
INSERT INTO PELICULA(FOLIO_PRODUCTO,NOMBRE,GENERO,DURACION_MIN,CLASIF,FORMATO) VALUES(1012113000014,'SUPER COOL','COMEDIA',113,'C','DVD');
INSERT INTO PELICULA(FOLIO_PRODUCTO,NOMBRE,GENERO,DURACION_MIN,CLASIF,FORMATO) VALUES(1027091000015,'MINIONS','COMEDIA',91,'A','HD DVD');
--
--ALBUM
--
INSERT INTO ALBUM(FOLIO_PRODUCTO,ARTISTA,N_ALBUM,ANIO_CREACION,DURACION) VALUES(1115200400001,'GREEN DAY','AMERICAN IDIOT',TO_DATE('2004','YYYY'),57);
INSERT INTO ALBUM(FOLIO_PRODUCTO,ARTISTA,N_ALBUM,ANIO_CREACION,DURACION) VALUES(1112200400002,'SUM 41','UNDERCLASS HERO',TO_DATE('2004','YYYY'),49);
INSERT INTO ALBUM(FOLIO_PRODUCTO,ARTISTA,N_ALBUM,ANIO_CREACION,DURACION) VALUES(1112200900003,'SWITCHFOOT','HELLO HURRACANE',TO_DATE('2009','YYYY'),49);
INSERT INTO ALBUM(FOLIO_PRODUCTO,ARTISTA,N_ALBUM,ANIO_CREACION,DURACION) VALUES(1110197900004,'PINK FLOYD','THE WALL',TO_DATE('1979','YYYY'),81);
INSERT INTO ALBUM(FOLIO_PRODUCTO,ARTISTA,N_ALBUM,ANIO_CREACION,DURACION) VALUES(1110200900005,'PARAMORE','BRAND NEW EYES',TO_DATE('2009','YYYY'),40);
INSERT INTO ALBUM(FOLIO_PRODUCTO,ARTISTA,N_ALBUM,ANIO_CREACION,DURACION) VALUES(1126200500006,'NICKELBACK','ALL THE RIGHT REASONS',TO_DATE('2005','YYYY'),42);
INSERT INTO ALBUM(FOLIO_PRODUCTO,ARTISTA,N_ALBUM,ANIO_CREACION,DURACION) VALUES(1123200200007,'COLDPLAY','ARUSH OF BLOOD TOTHE HEAD',TO_DATE('2002','YYYY'),54);
INSERT INTO ALBUM(FOLIO_PRODUCTO,ARTISTA,N_ALBUM,ANIO_CREACION,DURACION) VALUES(1121200800008,'ZOÉ','REPTILECTRIC',TO_DATE('2008','YYYY'),45);
INSERT INTO ALBUM(FOLIO_PRODUCTO,ARTISTA,N_ALBUM,ANIO_CREACION,DURACION) VALUES(1114201100009,'FOO FIGHTERS','WASTING LIGHT',TO_DATE('2011','YYYY'),48);
INSERT INTO ALBUM(FOLIO_PRODUCTO,ARTISTA,N_ALBUM,ANIO_CREACION,DURACION) VALUES(1112201300010,'SKILLET','RISE',TO_DATE('2013','YYYY'),48);
INSERT INTO ALBUM(FOLIO_PRODUCTO,ARTISTA,N_ALBUM,ANIO_CREACION,DURACION) VALUES(1113200100011,'DAFT PUNK','DISCOVERY',TO_DATE('2001','YYYY'),60);
INSERT INTO ALBUM(FOLIO_PRODUCTO,ARTISTA,N_ALBUM,ANIO_CREACION,DURACION) VALUES(1103199900012,'ENANITOS VERDES','NÉCTAR',TO_DATE('1999','YYYY'),45);
INSERT INTO ALBUM(FOLIO_PRODUCTO,ARTISTA,N_ALBUM,ANIO_CREACION,DURACION) VALUES(1111200200013,'AUDIOSLAVE','AUDIOSLAVE',TO_DATE('2002','YYYY'),65);
INSERT INTO ALBUM(FOLIO_PRODUCTO,ARTISTA,N_ALBUM,ANIO_CREACION,DURACION) VALUES(1104199900014,'RED HOT CHILI PEPPERS','CALIFORNICATION',TO_DATE('1999','YYYY'),56);
INSERT INTO ALBUM(FOLIO_PRODUCTO,ARTISTA,N_ALBUM,ANIO_CREACION,DURACION) VALUES(1115198700015,'GUNS N ROSES','APPETITE FOR DESTRUCTION',TO_DATE('1987','YYYY'),54);
--
--VIDEOJUEGO
--
INSERT INTO VIDEO_JUEGO(FOLIO_PRODUCTO,NOMBRE,T_CONSOLA,DESCRIP_INST) VALUES(2514223600001,'FIFA 18','XBOX 360','Es tan sencillo como: hay que echar un FIFA para ver quien compra la pizza');
INSERT INTO VIDEO_JUEGO(FOLIO_PRODUCTO,NOMBRE,T_CONSOLA,DESCRIP_INST) VALUES(2515100300002,'GOD OF WAR 2','PS3','¿Mezclas tus clases de historia griega con videjuegos en tus sueños?');
INSERT INTO VIDEO_JUEGO(FOLIO_PRODUCTO,NOMBRE,T_CONSOLA,DESCRIP_INST) VALUES(2523223600003,'CALL OF DUTY','XBOX 360','Dispara y lanza granadas como nunca antes');
INSERT INTO VIDEO_JUEGO(FOLIO_PRODUCTO,NOMBRE,T_CONSOLA,DESCRIP_INST) VALUES(2513220100004,'DRAGON BALL FIGHTERZ','XBOX ONE','¿Eres inseparable del ánime?');
INSERT INTO VIDEO_JUEGO(FOLIO_PRODUCTO,NOMBRE,T_CONSOLA,DESCRIP_INST) VALUES(2510260300005,'POKÉMON ALPHA SHAPPHIRE','NINTENDO 3DS','¿A quién no le gusta Pokemon?');
INSERT INTO VIDEO_JUEGO(FOLIO_PRODUCTO,NOMBRE,T_CONSOLA,DESCRIP_INST) VALUES(2527223600006,'MINECRAFT','XBOX 360','Microsoft lo compro por 1 billón de dólares...just saying!');
INSERT INTO VIDEO_JUEGO(FOLIO_PRODUCTO,NOMBRE,T_CONSOLA,DESCRIP_INST) VALUES(2527100400007,'MARVEL VS CAPCOM:INFINITE','PS4','¿Te aburren los desenlaces de Stan Lee? Pelea por tu cuenta');
INSERT INTO VIDEO_JUEGO(FOLIO_PRODUCTO,NOMBRE,T_CONSOLA,DESCRIP_INST) VALUES(2508220100008,'INJUSTICE 2','XBOX ONE','Los dioses estan entre nosotros');
INSERT INTO VIDEO_JUEGO(FOLIO_PRODUCTO,NOMBRE,T_CONSOLA,DESCRIP_INST) VALUES(2519100300009,'LEGO THE SIMPSONS','PS3','Todos quieren ser HOMERO por un día');
INSERT INTO VIDEO_JUEGO(FOLIO_PRODUCTO,NOMBRE,T_CONSOLA,DESCRIP_INST) VALUES(2512100400010,'SHADOWS OF THE COLOSSUS','PS4','¿Te sientes con ganas de adentrarte en los bosques japoneses y luchar?');
INSERT INTO VIDEO_JUEGO(FOLIO_PRODUCTO,NOMBRE,T_CONSOLA,DESCRIP_INST) VALUES(2505020700011,'THE LEGEND OF ZELDA','WII U','Revive un clásico');
INSERT INTO VIDEO_JUEGO(FOLIO_PRODUCTO,NOMBRE,T_CONSOLA,DESCRIP_INST) VALUES(2515100300012,'GRAND THEFT AUTO V','PS3','Obtén todos los autos, motos y helicópteros que quieras');
INSERT INTO VIDEO_JUEGO(FOLIO_PRODUCTO,NOMBRE,T_CONSOLA,DESCRIP_INST) VALUES(2512260300013,'SUPER SMASH BROS','NINTENDO 3DS','Un clásico inolvidable de aquellos lejanos años 90');
INSERT INTO VIDEO_JUEGO(FOLIO_PRODUCTO,NOMBRE,T_CONSOLA,DESCRIP_INST) VALUES(2527261200014,'MARIO KART 8 DELUXE','NINTENDO SWITCH','Revive un clásico y corre...');
INSERT INTO VIDEO_JUEGO(FOLIO_PRODUCTO,NOMBRE,T_CONSOLA,DESCRIP_INST) VALUES(2515030000015,'GUITAR HERO LIVE BUNDLE','PS3','¿Te crees Jimi Hendrix?desafía tus habilidades musicales');

--
--lista_producto
--
--1:
INSERT INTO LISTA_PRODUCTO(FOLIO_COMPRA, LISTA_PROD_ID, FOLIO_PRODUCTO, PRECIO_PROD, CANTIDAD_PROD) VALUES(orden_compra_seq.NEXTVAL, lista_producto_seq.NEXTVAL, 1005136000001, 340.50, 4);

INSERT INTO LISTA_PRODUCTO(LISTA_PROD_ID,FOLIO_COMPRA, FOLIO_PRODUCTO, PRECIO_PROD, CANTIDAD_PROD) VALUES(lista_producto_seq.CURRVAL,orden_compra_seq.CURRVAL, 1019115000007, 340.50, 2);
--2:
INSERT INTO LISTA_PRODUCTO(FOLIO_COMPRA,LISTA_PROD_ID, FOLIO_PRODUCTO, PRECIO_PROD, CANTIDAD_PROD) VALUES(orden_compra_seq.NEXTVAL,lista_producto_seq.NEXTVAL, 1039100000012, 200.50, 1);
INSERT INTO LISTA_PRODUCTO(FOLIO_COMPRA,LISTA_PROD_ID, FOLIO_PRODUCTO, PRECIO_PROD, CANTIDAD_PROD) VALUES(orden_compra_seq.CURRVAL, lista_producto_seq.CURRVAL, 1115200400001, 100.50, 2);
INSERT INTO LISTA_PRODUCTO(FOLIO_COMPRA,LISTA_PROD_ID, FOLIO_PRODUCTO, PRECIO_PROD, CANTIDAD_PROD) VALUES(orden_compra_seq.CURRVAL, lista_producto_seq.CURRVAL, 2514223600001, 999.00, 2);
--3
INSERT INTO LISTA_PRODUCTO(FOLIO_COMPRA,LISTA_PROD_ID, FOLIO_PRODUCTO, PRECIO_PROD, CANTIDAD_PROD) VALUES(orden_compra_seq.NEXTVAL, lista_producto_seq.NEXTVAL, 1121200800008, 340.50, 4);
INSERT INTO LISTA_PRODUCTO(FOLIO_COMPRA,LISTA_PROD_ID, FOLIO_PRODUCTO, PRECIO_PROD, CANTIDAD_PROD) VALUES(orden_compra_seq.CURRVAL, lista_producto_seq.CURRVAL, 1126200500006, 340.50, 2);
INSERT INTO LISTA_PRODUCTO(FOLIO_COMPRA,LISTA_PROD_ID, FOLIO_PRODUCTO, PRECIO_PROD, CANTIDAD_PROD) VALUES(orden_compra_seq.CURRVAL, lista_producto_seq.CURRVAL, 1104199900014, 340.50, 5);
--4
INSERT INTO LISTA_PRODUCTO(FOLIO_COMPRA,LISTA_PROD_ID, FOLIO_PRODUCTO, PRECIO_PROD, CANTIDAD_PROD) VALUES(orden_compra_seq.NEXTVAL, lista_producto_seq.NEXTVAL, 2515100300002, 340.50, 1);
INSERT INTO LISTA_PRODUCTO(FOLIO_COMPRA,LISTA_PROD_ID, FOLIO_PRODUCTO, PRECIO_PROD, CANTIDAD_PROD) VALUES(orden_compra_seq.CURRVAL, lista_producto_seq.CURRVAL, 1115198700015, 865.21, 1);
INSERT INTO LISTA_PRODUCTO(FOLIO_COMPRA,LISTA_PROD_ID, FOLIO_PRODUCTO, PRECIO_PROD, CANTIDAD_PROD) VALUES(orden_compra_seq.CURRVAL, lista_producto_seq.CURRVAL, 1012083000010, 123.21, 1);

--5
INSERT INTO LISTA_PRODUCTO(FOLIO_COMPRA,LISTA_PROD_ID, FOLIO_PRODUCTO, PRECIO_PROD, CANTIDAD_PROD) VALUES(orden_compra_seq.NEXTVAL, lista_producto_seq.NEXTVAL, 1003105000006, 340.50, 2);
INSERT INTO LISTA_PRODUCTO(FOLIO_COMPRA,LISTA_PROD_ID, FOLIO_PRODUCTO, PRECIO_PROD, CANTIDAD_PROD) VALUES(orden_compra_seq.CURRVAL, lista_producto_seq.CURRVAL, 1110197900004, 1001.50, 1);
INSERT INTO LISTA_PRODUCTO(FOLIO_COMPRA,LISTA_PROD_ID, FOLIO_PRODUCTO, PRECIO_PROD, CANTIDAD_PROD) VALUES(orden_compra_seq.CURRVAL, lista_producto_seq.CURRVAL, 2523223600003, 123.50, 1);

--6
INSERT INTO LISTA_PRODUCTO(FOLIO_COMPRA,LISTA_PROD_ID, FOLIO_PRODUCTO, PRECIO_PROD, CANTIDAD_PROD) VALUES(orden_compra_seq.NEXTVAL, lista_producto_seq.NEXTVAL, 2527223600006, 1000.50, 1);
INSERT INTO LISTA_PRODUCTO(FOLIO_COMPRA,LISTA_PROD_ID, FOLIO_PRODUCTO, PRECIO_PROD, CANTIDAD_PROD) VALUES(orden_compra_seq.CURRVAL, lista_producto_seq.CURRVAL, 1113200100011, 340.50, 4);
INSERT INTO LISTA_PRODUCTO(FOLIO_COMPRA,LISTA_PROD_ID, FOLIO_PRODUCTO, PRECIO_PROD, CANTIDAD_PROD) VALUES(orden_compra_seq.CURRVAL, lista_producto_seq.CURRVAL, 1027091000015, 120.50, 3);

--7
INSERT INTO LISTA_PRODUCTO(FOLIO_COMPRA,LISTA_PROD_ID, FOLIO_PRODUCTO, PRECIO_PROD, CANTIDAD_PROD) VALUES(orden_compra_seq.NEXTVAL, lista_producto_seq.NEXTVAL, 1012113000014, 134.50, 1);
INSERT INTO LISTA_PRODUCTO(FOLIO_COMPRA,LISTA_PROD_ID, FOLIO_PRODUCTO, PRECIO_PROD, CANTIDAD_PROD) VALUES(orden_compra_seq.CURRVAL, lista_producto_seq.CURRVAL, 1112200400002, 1001.50, 2);
INSERT INTO LISTA_PRODUCTO(FOLIO_COMPRA,LISTA_PROD_ID, FOLIO_PRODUCTO, PRECIO_PROD, CANTIDAD_PROD) VALUES(orden_compra_seq.CURRVAL, lista_producto_seq.CURRVAL, 2510260300005, 1001.50, 14);

--8
INSERT INTO LISTA_PRODUCTO(FOLIO_COMPRA,LISTA_PROD_ID, FOLIO_PRODUCTO, PRECIO_PROD, CANTIDAD_PROD) VALUES(orden_compra_seq.NEXTVAL, lista_producto_seq.NEXTVAL, 1103199900012, 567.50, 1);
INSERT INTO LISTA_PRODUCTO(FOLIO_COMPRA,LISTA_PROD_ID, FOLIO_PRODUCTO, PRECIO_PROD, CANTIDAD_PROD) VALUES(orden_compra_seq.CURRVAL, lista_producto_seq.CURRVAL, 1123200200007, 340.50, 2);
INSERT INTO LISTA_PRODUCTO(FOLIO_COMPRA,LISTA_PROD_ID, FOLIO_PRODUCTO, PRECIO_PROD, CANTIDAD_PROD) VALUES(orden_compra_seq.CURRVAL, lista_producto_seq.CURRVAL, 1111200200013, 987.50, 1);

--9
INSERT INTO LISTA_PRODUCTO(FOLIO_COMPRA,LISTA_PROD_ID, FOLIO_PRODUCTO, PRECIO_PROD, CANTIDAD_PROD) VALUES(orden_compra_seq.NEXTVAL, lista_producto_seq.NEXTVAL, 1011116000002, 123.50, 1);
INSERT INTO LISTA_PRODUCTO(FOLIO_COMPRA,LISTA_PROD_ID, FOLIO_PRODUCTO, PRECIO_PROD, CANTIDAD_PROD) VALUES(orden_compra_seq.CURRVAL, lista_producto_seq.CURRVAL, 1019109000011, 1340.50, 2);
INSERT INTO LISTA_PRODUCTO(FOLIO_COMPRA,LISTA_PROD_ID, FOLIO_PRODUCTO, PRECIO_PROD, CANTIDAD_PROD) VALUES(orden_compra_seq.CURRVAL, lista_producto_seq.CURRVAL, 1121200800008, 540.50, 1);


--10
INSERT INTO LISTA_PRODUCTO(FOLIO_COMPRA,LISTA_PROD_ID, FOLIO_PRODUCTO, PRECIO_PROD, CANTIDAD_PROD) VALUES(orden_compra_seq.NEXTVAL, lista_producto_seq.NEXTVAL, 2527100400007, 123.50, 1);
INSERT INTO LISTA_PRODUCTO(FOLIO_COMPRA,LISTA_PROD_ID, FOLIO_PRODUCTO, PRECIO_PROD, CANTIDAD_PROD) VALUES(orden_compra_seq.CURRVAL, lista_producto_seq.CURRVAL, 2519100300009, 1234.50, 2);
INSERT INTO LISTA_PRODUCTO(FOLIO_COMPRA,LISTA_PROD_ID, FOLIO_PRODUCTO, PRECIO_PROD, CANTIDAD_PROD) VALUES(orden_compra_seq.CURRVAL, lista_producto_seq.CURRVAL, 2515100300012, 340.50, 2);

--11
INSERT INTO LISTA_PRODUCTO(FOLIO_COMPRA,LISTA_PROD_ID, FOLIO_PRODUCTO, PRECIO_PROD, CANTIDAD_PROD) VALUES(orden_compra_seq.NEXTVAL, lista_producto_seq.NEXTVAL, 1014142000005, 340.50, 1);
INSERT INTO LISTA_PRODUCTO(FOLIO_COMPRA,LISTA_PROD_ID, FOLIO_PRODUCTO, PRECIO_PROD, CANTIDAD_PROD) VALUES(orden_compra_seq.CURRVAL, lista_producto_seq.CURRVAL, 1005113000003, 780.50, 1);
INSERT INTO LISTA_PRODUCTO(FOLIO_COMPRA,LISTA_PROD_ID, FOLIO_PRODUCTO, PRECIO_PROD, CANTIDAD_PROD) VALUES(orden_compra_seq.CURRVAL, lista_producto_seq.CURRVAL, 1011162000009, 1000.50, 1);

--12
INSERT INTO LISTA_PRODUCTO(FOLIO_COMPRA,LISTA_PROD_ID, FOLIO_PRODUCTO, PRECIO_PROD, CANTIDAD_PROD) VALUES(orden_compra_seq.NEXTVAL, lista_producto_seq.NEXTVAL, 2527100400007, 1001.50, 1);
INSERT INTO LISTA_PRODUCTO(FOLIO_COMPRA,LISTA_PROD_ID, FOLIO_PRODUCTO, PRECIO_PROD, CANTIDAD_PROD) VALUES(orden_compra_seq.CURRVAL, lista_producto_seq.CURRVAL, 1005136000001, 124.52, 1);
INSERT INTO LISTA_PRODUCTO(FOLIO_COMPRA,LISTA_PROD_ID, FOLIO_PRODUCTO, PRECIO_PROD, CANTIDAD_PROD) VALUES(orden_compra_seq.CURRVAL, lista_producto_seq.CURRVAL, 1112201300010, 1340.50, 2);
INSERT INTO LISTA_PRODUCTO(FOLIO_COMPRA,LISTA_PROD_ID, FOLIO_PRODUCTO, PRECIO_PROD, CANTIDAD_PROD) VALUES(orden_compra_seq.CURRVAL, lista_producto_seq.CURRVAL, 1115198700015, 130.50, 2);
INSERT INTO LISTA_PRODUCTO(FOLIO_COMPRA,LISTA_PROD_ID, FOLIO_PRODUCTO, PRECIO_PROD, CANTIDAD_PROD) VALUES(orden_compra_seq.CURRVAL, lista_producto_seq.CURRVAL, 1104199900014, 1334.50, 1);

--13
INSERT INTO LISTA_PRODUCTO(FOLIO_COMPRA,LISTA_PROD_ID, FOLIO_PRODUCTO, PRECIO_PROD, CANTIDAD_PROD) VALUES(orden_compra_seq.NEXTVAL, lista_producto_seq.NEXTVAL, 1123200200007, 340.50, 2);
INSERT INTO LISTA_PRODUCTO(FOLIO_COMPRA,LISTA_PROD_ID, FOLIO_PRODUCTO, PRECIO_PROD, CANTIDAD_PROD) VALUES(orden_compra_seq.CURRVAL, lista_producto_seq.CURRVAL, 2527223600006, 569.99, 1);
INSERT INTO LISTA_PRODUCTO(FOLIO_COMPRA,LISTA_PROD_ID, FOLIO_PRODUCTO, PRECIO_PROD, CANTIDAD_PROD) VALUES(orden_compra_seq.CURRVAL, lista_producto_seq.CURRVAL, 1013109000004, 1245.50, 1);

--14
INSERT INTO LISTA_PRODUCTO(FOLIO_COMPRA,LISTA_PROD_ID, FOLIO_PRODUCTO, PRECIO_PROD, CANTIDAD_PROD) VALUES(orden_compra_seq.NEXTVAL, lista_producto_seq.NEXTVAL, 1112201300010, 876.50, 1);
INSERT INTO LISTA_PRODUCTO(FOLIO_COMPRA,LISTA_PROD_ID, FOLIO_PRODUCTO, PRECIO_PROD, CANTIDAD_PROD) VALUES(orden_compra_seq.CURRVAL, lista_producto_seq.CURRVAL, 2519100300009, 1200.50, 2);
INSERT INTO LISTA_PRODUCTO(FOLIO_COMPRA,LISTA_PROD_ID, FOLIO_PRODUCTO, PRECIO_PROD, CANTIDAD_PROD) VALUES(orden_compra_seq.CURRVAL, lista_producto_seq.CURRVAL, 1018117000013, 340, 1);

--15
INSERT INTO LISTA_PRODUCTO(FOLIO_COMPRA,LISTA_PROD_ID, FOLIO_PRODUCTO, PRECIO_PROD, CANTIDAD_PROD) VALUES(orden_compra_seq.NEXTVAL, lista_producto_seq.NEXTVAL, 1110197900004, 1325, 1);
INSERT INTO LISTA_PRODUCTO(FOLIO_COMPRA,LISTA_PROD_ID, FOLIO_PRODUCTO, PRECIO_PROD, CANTIDAD_PROD) VALUES(orden_compra_seq.CURRVAL, lista_producto_seq.CURRVAL, 1110200900005,650.50, 2);
INSERT INTO LISTA_PRODUCTO(FOLIO_COMPRA,LISTA_PROD_ID, FOLIO_PRODUCTO, PRECIO_PROD, CANTIDAD_PROD) VALUES(orden_compra_seq.CURRVAL, lista_producto_seq.CURRVAL, 1013109000004, 134.50, 2);

--
--TABLA TIPO ENTREGA
--
INSERT INTO TIPO_ENTREGA(TIPO_ENTREGA_ID, CATEGORIA) VALUES(1, 'Paquete');
INSERT INTO TIPO_ENTREGA(TIPO_ENTREGA_ID, CATEGORIA) VALUES(2, 'Streaming');


--
--TABLA ORDEN COMPRA
--
INSERT INTO ORDEN_COMPRA(FOLIO_COMPRA, CLIENTE_ID, TIPO_ENTREGA_ID) VALUES(orden_compra_seq.NEXTVAL, cliente_seq.NEXTVAL, 1);
INSERT INTO ORDEN_COMPRA(FOLIO_COMPRA, CLIENTE_ID, TIPO_ENTREGA_ID) VALUES(orden_compra_seq.NEXTVAL, cliente_seq.NEXTVAL, 2);
INSERT INTO ORDEN_COMPRA(FOLIO_COMPRA, CLIENTE_ID, TIPO_ENTREGA_ID) VALUES(orden_compra_seq.NEXTVAL, cliente_seq.NEXTVAL, 1);
INSERT INTO ORDEN_COMPRA(FOLIO_COMPRA, CLIENTE_ID, TIPO_ENTREGA_ID) VALUES(orden_compra_seq.NEXTVAL, cliente_seq.NEXTVAL, 1);
INSERT INTO ORDEN_COMPRA(FOLIO_COMPRA, CLIENTE_ID, TIPO_ENTREGA_ID) VALUES(orden_compra_seq.NEXTVAL, cliente_seq.NEXTVAL, 2);
INSERT INTO ORDEN_COMPRA(FOLIO_COMPRA, CLIENTE_ID, TIPO_ENTREGA_ID) VALUES(orden_compra_seq.NEXTVAL, cliente_seq.NEXTVAL, 2);
INSERT INTO ORDEN_COMPRA(FOLIO_COMPRA, CLIENTE_ID, TIPO_ENTREGA_ID) VALUES(orden_compra_seq.NEXTVAL, cliente_seq.NEXTVAL, 1);
INSERT INTO ORDEN_COMPRA(FOLIO_COMPRA, CLIENTE_ID, TIPO_ENTREGA_ID) VALUES(orden_compra_seq.NEXTVAL, cliente_seq.NEXTVAL, 2);
INSERT INTO ORDEN_COMPRA(FOLIO_COMPRA, CLIENTE_ID, TIPO_ENTREGA_ID) VALUES(orden_compra_seq.NEXTVAL, cliente_seq.NEXTVAL, 2);
INSERT INTO ORDEN_COMPRA(FOLIO_COMPRA, CLIENTE_ID, TIPO_ENTREGA_ID) VALUES(orden_compra_seq.NEXTVAL, cliente_seq.NEXTVAL, 1);
INSERT INTO ORDEN_COMPRA(FOLIO_COMPRA, CLIENTE_ID, TIPO_ENTREGA_ID) VALUES(orden_compra_seq.NEXTVAL, cliente_seq.NEXTVAL, 1);
INSERT INTO ORDEN_COMPRA(FOLIO_COMPRA, CLIENTE_ID, TIPO_ENTREGA_ID) VALUES(orden_compra_seq.NEXTVAL, cliente_seq.NEXTVAL, 2);
INSERT INTO ORDEN_COMPRA(FOLIO_COMPRA, CLIENTE_ID, TIPO_ENTREGA_ID) VALUES(orden_compra_seq.NEXTVAL, cliente_seq.NEXTVAL, 1);
INSERT INTO ORDEN_COMPRA(FOLIO_COMPRA, CLIENTE_ID, TIPO_ENTREGA_ID) VALUES(orden_compra_seq.NEXTVAL, cliente_seq.NEXTVAL, 2);
INSERT INTO ORDEN_COMPRA(FOLIO_COMPRA, CLIENTE_ID, TIPO_ENTREGA_ID) VALUES(orden_compra_seq.NEXTVAL, cliente_seq.NEXTVAL, 2);

--
--TABLA FACTURA
--
INSERT INTO FACTURA(FACTURA_ID, FOLIO_COMPRA, FORMA_PAGO_ID, IVA) VALUES(factura_seq.NEXTVAL, orden_compra_seq.NEXTVAL, 'TRANSFERENCIA', 16.05);
INSERT INTO FACTURA(FACTURA_ID, FOLIO_COMPRA, FORMA_PAGO_ID, IVA) VALUES(factura_seq.NEXTVAL, orden_compra_seq.NEXTVAL, 'TARJETA', 16.05);
INSERT INTO FACTURA(FACTURA_ID, FOLIO_COMPRA, FORMA_PAGO_ID, IVA) VALUES(factura_seq.NEXTVAL, orden_compra_seq.NEXTVAL, 'TRANSFERENCIA', 16.05);
INSERT INTO FACTURA(FACTURA_ID, FOLIO_COMPRA, FORMA_PAGO_ID, IVA) VALUES(factura_seq.NEXTVAL, orden_compra_seq.NEXTVAL, 'TARJETA', 16.05);
INSERT INTO FACTURA(FACTURA_ID, FOLIO_COMPRA, FORMA_PAGO_ID, IVA) VALUES(factura_seq.NEXTVAL, orden_compra_seq.NEXTVAL, 'TARJETA', 16.05);
INSERT INTO FACTURA(FACTURA_ID, FOLIO_COMPRA, FORMA_PAGO_ID, IVA) VALUES(factura_seq.NEXTVAL, orden_compra_seq.NEXTVAL, 'TRANSFERENCIA', 16.05);
INSERT INTO FACTURA(FACTURA_ID, FOLIO_COMPRA, FORMA_PAGO_ID, IVA) VALUES(factura_seq.NEXTVAL, orden_compra_seq.NEXTVAL, 'TRANSFERENCIA', 16.05);
INSERT INTO FACTURA(FACTURA_ID, FOLIO_COMPRA, FORMA_PAGO_ID, IVA) VALUES(factura_seq.NEXTVAL, orden_compra_seq.NEXTVAL, 'TRANSFERENCIA', 16.05);
INSERT INTO FACTURA(FACTURA_ID, FOLIO_COMPRA, FORMA_PAGO_ID, IVA) VALUES(factura_seq.NEXTVAL, orden_compra_seq.NEXTVAL, 'TARJETA', 16.05);
INSERT INTO FACTURA(FACTURA_ID, FOLIO_COMPRA, FORMA_PAGO_ID, IVA) VALUES(factura_seq.NEXTVAL, orden_compra_seq.NEXTVAL, 'TARJETA', 16.05);
INSERT INTO FACTURA(FACTURA_ID, FOLIO_COMPRA, FORMA_PAGO_ID, IVA) VALUES(factura_seq.NEXTVAL, orden_compra_seq.NEXTVAL, 'TARJETA', 16.05);
INSERT INTO FACTURA(FACTURA_ID, FOLIO_COMPRA, FORMA_PAGO_ID, IVA) VALUES(factura_seq.NEXTVAL, orden_compra_seq.NEXTVAL, 'TRANSFERENCIA', 16.05);
INSERT INTO FACTURA(FACTURA_ID, FOLIO_COMPRA, FORMA_PAGO_ID, IVA) VALUES(factura_seq.NEXTVAL, orden_compra_seq.NEXTVAL, 'TRANSFERENCIA', 16.05);
INSERT INTO FACTURA(FACTURA_ID, FOLIO_COMPRA, FORMA_PAGO_ID, IVA) VALUES(factura_seq.NEXTVAL, orden_compra_seq.NEXTVAL, 'TARJETA', 16.05);
INSERT INTO FACTURA(FACTURA_ID, FOLIO_COMPRA, FORMA_PAGO_ID, IVA) VALUES(factura_seq.NEXTVAL, orden_compra_seq.NEXTVAL, 'TRANSFERENCIA', 16.05);

--
--TABLA EMPRESA
--
INSERT INTO EMPRESA(CLAVE_EMPRESA, EMPRESA, ZONA) VALUES(empresa_seq.NEXTVAL, 'ABYZ', 'A');
INSERT INTO EMPRESA(CLAVE_EMPRESA, EMPRESA, ZONA) VALUES(empresa_seq.NEXTVAL, 'LogiMex', 'A');
INSERT INTO EMPRESA(CLAVE_EMPRESA, EMPRESA, ZONA) VALUES(empresa_seq.NEXTVAL, 'Servicios Postales', 'A');
INSERT INTO EMPRESA(CLAVE_EMPRESA, EMPRESA, ZONA) VALUES(empresa_seq.NEXTVAL, 'UPS', 'B');
INSERT INTO EMPRESA(CLAVE_EMPRESA, EMPRESA, ZONA) VALUES(empresa_seq.NEXTVAL, 'FedEx', 'B');
INSERT INTO EMPRESA(CLAVE_EMPRESA, EMPRESA, ZONA) VALUES(empresa_seq.NEXTVAL, 'Postal Service', 'B');
INSERT INTO EMPRESA(CLAVE_EMPRESA, EMPRESA, ZONA) VALUES(empresa_seq.NEXTVAL, 'Reforma', 'C');
INSERT INTO EMPRESA(CLAVE_EMPRESA, EMPRESA, ZONA) VALUES(empresa_seq.NEXTVAL, 'El Universal', 'C');
INSERT INTO EMPRESA(CLAVE_EMPRESA, EMPRESA, ZONA) VALUES(empresa_seq.NEXTVAL, 'Publimetro', 'C');
INSERT INTO EMPRESA(CLAVE_EMPRESA, EMPRESA, ZONA) VALUES(empresa_seq.NEXTVAL, 'Milenio', 'D');
INSERT INTO EMPRESA(CLAVE_EMPRESA, EMPRESA, ZONA) VALUES(empresa_seq.NEXTVAL, 'El Financiero', 'D');
INSERT INTO EMPRESA(CLAVE_EMPRESA, EMPRESA, ZONA) VALUES(empresa_seq.NEXTVAL, 'Amazon', 'D');
INSERT INTO EMPRESA(CLAVE_EMPRESA, EMPRESA, ZONA) VALUES(empresa_seq.NEXTVAL, 'E-Bay', 'E');
INSERT INTO EMPRESA(CLAVE_EMPRESA, EMPRESA, ZONA) VALUES(empresa_seq.NEXTVAL, 'Liverpool', 'E');
INSERT INTO EMPRESA(CLAVE_EMPRESA, EMPRESA, ZONA) VALUES(empresa_seq.NEXTVAL, 'Superama', 'E');

--
--TABLA PAQUETE
--

INSERT INTO PAQUETE(PAQUETE_ID, SEGUIMIENTO_ID, FACTURA_ID, EMPRESA_CLAVE, FECHA_ENVIO) VALUES(paquete_seq.NEXTVAL, 1001, factura_seq.NEXTVAL, 6, TO_DATE('2018/04/02','YYYY/MM/DD'));
INSERT INTO PAQUETE(PAQUETE_ID, SEGUIMIENTO_ID, FACTURA_ID, EMPRESA_CLAVE, FECHA_ENVIO) VALUES(paquete_seq.NEXTVAL, 1002, factura_seq.NEXTVAL, 5, TO_DATE('2018/02/15','YYYY/MM/DD'));	
INSERT INTO PAQUETE(PAQUETE_ID, SEGUIMIENTO_ID, FACTURA_ID, EMPRESA_CLAVE, FECHA_ENVIO) VALUES(paquete_seq.NEXTVAL, 1003, factura_seq.NEXTVAL, 1, TO_DATE('2018/02/02','YYYY/MM/DD'));
INSERT INTO PAQUETE(PAQUETE_ID, SEGUIMIENTO_ID, FACTURA_ID, EMPRESA_CLAVE, FECHA_ENVIO) VALUES(paquete_seq.NEXTVAL, 1004, factura_seq.NEXTVAL, 5, TO_DATE('2018/03/20','YYYY/MM/DD'));
INSERT INTO PAQUETE(PAQUETE_ID, SEGUIMIENTO_ID, FACTURA_ID, EMPRESA_CLAVE, FECHA_ENVIO) VALUES(paquete_seq.NEXTVAL, 1005, factura_seq.NEXTVAL, 6, TO_DATE('2018/03/10','YYYY/MM/DD'));
INSERT INTO PAQUETE(PAQUETE_ID, SEGUIMIENTO_ID, FACTURA_ID, EMPRESA_CLAVE, FECHA_ENVIO) VALUES(paquete_seq.NEXTVAL, 1006, factura_seq.NEXTVAL, 6, TO_DATE('2018/04/12','YYYY/MM/DD'));
INSERT INTO PAQUETE(PAQUETE_ID, SEGUIMIENTO_ID, FACTURA_ID, EMPRESA_CLAVE, FECHA_ENVIO) VALUES(paquete_seq.NEXTVAL, 1007, factura_seq.NEXTVAL, 9, TO_DATE('2018/01/31','YYYY/MM/DD'));
INSERT INTO PAQUETE(PAQUETE_ID, SEGUIMIENTO_ID, FACTURA_ID, EMPRESA_CLAVE, FECHA_ENVIO) VALUES(paquete_seq.NEXTVAL, 1008, factura_seq.NEXTVAL, 8, TO_DATE('2018/03/02','YYYY/MM/DD'));
INSERT INTO PAQUETE(PAQUETE_ID, SEGUIMIENTO_ID, FACTURA_ID, EMPRESA_CLAVE, FECHA_ENVIO) VALUES(paquete_seq.NEXTVAL, 1009, factura_seq.NEXTVAL, 15, TO_DATE('2018/01/24','YYYY/MM/DD'));
INSERT INTO PAQUETE(PAQUETE_ID, SEGUIMIENTO_ID, FACTURA_ID, EMPRESA_CLAVE, FECHA_ENVIO) VALUES(paquete_seq.NEXTVAL, 1010, factura_seq.NEXTVAL, 11, TO_DATE('2018/03/25','YYYY/MM/DD'));
INSERT INTO PAQUETE(PAQUETE_ID, SEGUIMIENTO_ID, FACTURA_ID, EMPRESA_CLAVE, FECHA_ENVIO) VALUES(paquete_seq.NEXTVAL, 1011, factura_seq.NEXTVAL, 12, TO_DATE('2018/03/17','YYYY/MM/DD'));
INSERT INTO PAQUETE(PAQUETE_ID, SEGUIMIENTO_ID, FACTURA_ID, EMPRESA_CLAVE, FECHA_ENVIO) VALUES(paquete_seq.NEXTVAL, 1012, factura_seq.NEXTVAL, 10, TO_DATE('2018/04/23','YYYY/MM/DD'));
INSERT INTO PAQUETE(PAQUETE_ID, SEGUIMIENTO_ID, FACTURA_ID, EMPRESA_CLAVE, FECHA_ENVIO) VALUES(paquete_seq.NEXTVAL, 1013, factura_seq.NEXTVAL, 10, TO_DATE('2018/02/11','YYYY/MM/DD'));
INSERT INTO PAQUETE(PAQUETE_ID, SEGUIMIENTO_ID, FACTURA_ID, EMPRESA_CLAVE, FECHA_ENVIO) VALUES(paquete_seq.NEXTVAL, 1014, factura_seq.NEXTVAL, 3, TO_DATE('2018/01/17','YYYY/MM/DD'));
INSERT INTO PAQUETE(PAQUETE_ID, SEGUIMIENTO_ID, FACTURA_ID, EMPRESA_CLAVE, FECHA_ENVIO) VALUES(paquete_seq.NEXTVAL, 1015, factura_seq.NEXTVAL, 15, TO_DATE('2018/01/1','YYYY/MM/DD'));

--
--TABLA CLIENTE-PRODUCTO
--	